,Link,10/11/20
Televisor LG Electronics Colombia 65 pulgadas LED 4K Ultra HD Smart TV,https://www.falabella.com.co/falabella-co/product/4054765/Televisor-LG-Electronics-Colombia-65-pulgadas-LED-4K-Ultra-HD-Smart-TV/4054765,2.049.900
Televisor LG 65 pulgadas LED 4K Ultra HD Smart TV,https://www.falabella.com.co/falabella-co/product/9163826/Televisor-LG-65-pulgadas-LED-4K-Ultra-HD-Smart-TV/9163826,2.099.900
Televisor Samsung 65 pulgadas Curvo LED 4K Ultra HD Smart TV,https://www.falabella.com.co/falabella-co/product/8647174/Televisor-Samsung-65-pulgadas-Curvo-LED-4K-Ultra-HD-Smart-TV/8647174,2.099.900
"Televisor samsung 65"" un65tu7000 uhd 4k smart tv",https://www.falabella.com.co/falabella-co/product/8847782/Televisor-samsung-65-un65tu7000-uhd-4k-smart-tv/8847782,2.223.900
Televisor Samsung 65 pulgadas 4k crystal uhd led smart,https://www.falabella.com.co/falabella-co/product/9520408/Televisor-Samsung-65-pulgadas-4k-crystal-uhd-led-smart/9520408,2.259.000
Televisor Samsung 65 pulgadas LED 4K Ultra HD Smart TV,https://www.falabella.com.co/falabella-co/product/7146167/Televisor-Samsung-65-pulgadas-LED-4K-Ultra-HD-Smart-TV/7146167,2.299.900
Televisor LG 65 Pulgadas Led 4k UltraHdSmartTv,https://www.falabella.com.co/falabella-co/product/5412844/Televisor-LG-65-Pulgadas-Led-4k-UltraHdSmartTv/5412844,2.443.900
"Televisor Samsung 65"" un65ru7100 uhd 4k smart tv",https://www.falabella.com.co/falabella-co/product/5586971/Televisor-Samsung-65-un65ru7100-uhd-4k-smart-tv/5586971,2.554.900
Televisor Samsung 65 pulgadas LED 4K Ultra HD Smart TV,https://www.falabella.com.co/falabella-co/product/4099255/Televisor-Samsung-65-pulgadas-LED-4K-Ultra-HD-Smart-TV/4099255,2.599.900
Televisor LG 70 pulgadas LED 4K UHD UHD (3840 x 2160) Smart TV,https://www.falabella.com.co/falabella-co/product/9568330/Televisor-LG-70-pulgadas-LED-4K-UHD-UHD-(3840-x-2160)-Smart-TV/9568330,2.599.900
Televisor Samsung 65 pulgadas QLED 4K Ultra HD Smart TV,https://www.falabella.com.co/falabella-co/product/6267444/Televisor-Samsung-65-pulgadas-QLED-4K-Ultra-HD-Smart-TV/6267444,2.799.900
Televisor Samsung 65 pulgadas 165cm 65TU7000 LED 4K-UHD,https://www.falabella.com.co/falabella-co/product/9475810/Televisor-Samsung-65-pulgadas-165cm-65TU7000-LED-4K-UHD/9475810,2.769.900
Televisor LG 65 pulgadas 4k uhd smart tv,https://www.falabella.com.co/falabella-co/product/9475860/Televisor-LG-65-pulgadas-4k-uhd-smart-tv/9475860,2.773.900
Televisor lg 70¨ um7370 led 4k - ultra hd smart tv,https://www.falabella.com.co/falabella-co/product/5445417/Televisor-lg-70%C2%A8-um7370-led-4k-ultra-hd-smart-tv/5445417,3.093.900
Televisor LG 65 pulgadas LED 4K NanoCell UHD (3840 x 2160) Smart TV,https://www.falabella.com.co/falabella-co/product/9568328/Televisor-LG-65-pulgadas-LED-4K-NanoCell-UHD-(3840-x-2160)-Smart-TV/9568328,3.099.900
Televisor LG 65 pulgadas  4k uhd smart tv,https://www.falabella.com.co/falabella-co/product/9264515/Televisor-LG-65-pulgadas-4k-uhd-smart-tv/9264515,2.356.000
Televisor LG 65 pulgadas led uhd ,https://www.falabella.com.co/falabella-co/product/9053897/Televisor-LG-65-pulgadas-led-uhd/9053897,3.844.379
Televisor samsung 65 pulgadas uhd 4k smart,https://www.falabella.com.co/falabella-co/product/6654438/Televisor-samsung-65-pulgadas-uhd-4k-smart/6654438,2.289.900
Televisor Samsung 65 pulgadas QLED 4K Ultra HD Smart TV + Barra de Sonido Samsung HW-T550,https://www.falabella.com.co/falabella-co/product/8053646/Televisor-Samsung-65-pulgadas-QLED-4K-Ultra-HD-Smart-TV-+-Barra-de-Sonido-Samsung-HW-T550/8053646,4.299.900
Televisor samsung 65 pulgadas uhd 4k smart,https://www.falabella.com.co/falabella-co/product/7454824/Televisor-samsung-65-pulgadas-uhd-4k-smart/7454824,2.187.500
"Televisor 65"" LED NanoCell 4K Ultra HD Smart TV 65NANO86DNA",https://www.falabella.com.co/falabella-co/product/6844764/Televisor-65-LED-NanoCell-4K-Ultra-HD-Smart-TV-65NANO86DNA/6844764,4.699.900
Televisor samsung 65 pulgadas smart tv,https://www.falabella.com.co/falabella-co/product/7462107/Televisor-samsung-65-pulgadas-smart-tv/7462107,2.249.900
Televisor LG 70 pulgadas  led 4k-uhd,https://www.falabella.com.co/falabella-co/product/8817140/Televisor-LG-70-pulgadas-led-4k-uhd/8817140,3.736.900
Televisor LG 70 pulgadas smart tv ,https://www.falabella.com.co/falabella-co/product/9916498/Televisor-LG-70-pulgadas-smart-tv/9916498,6.299.900
"Televisor 65"" LED NanoCell 8K Smart TV 65NANO96DNA",https://www.falabella.com.co/falabella-co/product/8522057/Televisor-65-LED-NanoCell-8K-Smart-TV-65NANO96DNA/8522057,9.299.900
Televisor Samsung 65 pulgadas QLED 8K Smart TV,https://www.falabella.com.co/falabella-co/product/8053647/Televisor-Samsung-65-pulgadas-QLED-8K-Smart-TV/8053647,9.999.900
Televisor LG 65 pulgadas OLED 4K Ultra HD Smart TV,https://www.falabella.com.co/falabella-co/product/6844768/Televisor-LG-65-pulgadas-OLED-4K-Ultra-HD-Smart-TV/6844768,12.799.900
"TV LG 60"" Pulgadas 151 Cm 60UN7310 LED 4K-UHD Plano Smart TV",http://www.alkosto.com/tv-lg-60-pulgadas-151-cm-60un7310-led-4k-uhd-plano-smart-tv,$ 1.899.900
"TV LG 65"" Pulgadas 164 Cm 65UM7400 LED 4K-UHD Smart TV",http://www.alkosto.com/televisor-lg-65-led-uhd-4k-65um7400,$ 2.099.900
"TV LG 65"" Pulgadas 164 Cm 65UN7100 LED 4K-UHD Plano Smart TV ",http://www.alkosto.com/tv-lg-65-pulgadas-164-cm-65un7100-led-4k-uhd-plano-smart-tv,$ 2.199.900
"TV SAMSUNG 65"" Pulgadas 166 Cm 65TU8500 LED 4K-UHD Plano Smart TV Crystal",http://www.alkosto.com/tv-samsung-65-pulgadas-166-cm-65tu8500-led-4k-uhd-plano-smart-tv-crystal,$ 2.299.900
"TV SAMSUNG 65"" Pulgadas 165cm 65TU7000 LED 4K-UHD Plano Smart TV",http://www.alkosto.com/tv-samsung-65-pulgadas-165cm-65tu7000-led-4k-uhd-plano-smart-tv,$ 2.299.900
"TV SAMSUNG 65"" Pulgadas 156 Cm 65TU8300 LED 4K-UHD Curvo Smart TV",http://www.alkosto.com/tv-samsung-65-pulgadas-156-cm-65tu8300-led-4k-uhd-curvo-smart-tv,$ 2.399.900
"TV SAMSUNG 70"" Pulgadas 177 cm 70TU7000 LED 4K-UHD Plano Smart TV",http://www.alkosto.com/tv-samsung-70-pulgadas-177-cm-70tu7000-led-4k-uhd-plano-smart-tv,$ 2.599.900
"TV SAMSUNG 65"" Pulgadas 165 Cm 65Q60T QLED 4K-UHD Plano Smart TV",http://www.alkosto.com/tv-samsung-65-pulgadas-165-cm-65q60t-qled-4k-uhd-plano-smart-tv,$ 2.899.900
"TV LG 70"" Pulgadas 177 Cm 70UN7100 LED 4K-UHD Plano Smart TV ",http://www.alkosto.com/tv-lg-70-pulgadas-177-cm-70un7100-led-4k-uhd-plano-smart-tv,$ 2.899.900
"TV LG 65"" Pulgadas 164 Cm 65NANO79DNA LED NanoCell 4K UHD Smart TV",http://www.alkosto.com/tv-lg-65-pulgadas-164-cm-65nano79-led-4k-uhd-plano-smart-tv,$ 3.199.900
"TV 75"" 189cm Samsung 75RU7100 UHD Smart TV",http://www.alkosto.com/tv-75-194cm-samsung-75ru7100-uhd-smart-tv,$ 3.399.900
"TV SAMSUNG 75"" Pulgadas 180 Cm 75TU7000 LED 4K-UHD Plano Smart TV",http://www.alkosto.com/tv-samsung-75-pulgadas-180-cm-75tu7000-led-4k-uhd-plano-smart-tv,$ 3.699.900
"TV SAMSUNG 75"" Pulgadas 190 cm 75TU8200 LED 4K-UHD Plano Smart TV",http://www.alkosto.com/tv-samsung-75-pulgadas-190-cm-75tu8200-led-4k-uhd-plano-smart-tv,$ 3.699.900
"TV LG 75"" Pulgadas 194 Cm 75UN8000 LED 4K-UHD Plano Smart TV",http://www.alkosto.com/tv-lg-75-pulgadas-194-cm-75un8000-led-4k-uhd-plano-smart-tv,$ 3.799.900
"Combo TV SAMSUNG QN65Q70T 65"" Pulgadas 165 Cm Q70T QLED 4K-UHD Plano Smart TV + Barra de sonido SAMSUNG HW-T550",http://www.alkosto.com/combo-tv-samsung-f-qn65q70takx-65-pulgadas-165-cm-q70t-qled-4k-uhd-plano-smart-tv-barra-de-sonido-samsung-hw-t550,$ 4.369.900
"TV SAMSUNG 65"" Pulgadas 156 cm QN65Q80T QLED 4K-UHD Plano Smart TV",http://www.alkosto.com/tv-samsung-65-pulgadas-156-cm-qn65q80t-qled-4k-uhd-plano-smart-tv,$ 4.399.900
"TV LG 65"" Pulgadas 164 Cm 65NANO86DNA LED NanoCell 4K UHD Smart TV",http://www.alkosto.com/tv-lg-65-pulgadas-164-cm-65nano86dna-led-4k-uhd-plano-smart-tv,$ 4.499.900
"TV SAMSUNG 65"" Pulgadas 165 Cm 65LS03T The Frame QLED 4K-UHD Plano Smart TV",http://www.alkosto.com/tv-samsung-65-pulgadas-165-cm-65ls03t-the-frame-qled-4k-uhd-plano-smart-tv,$ 4.999.900
"TV SAMSUNG 85"" Pulgadas 215 cm 85TU8000 LED 4K-UHD Plano Smart TV",http://www.alkosto.com/tv-samsung-85-pulgadas-215-cm-85tu8000-led-4k-uhd-plano-smart-tv,$ 5.999.900
"TV SAMSUNG 75"" Pulgadas 190 cm QN75Q80T QLED 4K-UHD Plano Smart TV",http://www.alkosto.com/tv-samsung-75-pulgadas-190-cm-qn75q80t-qled-4k-uhd-plano-smart-tv,$ 6.999.900
"TV LG 86"" Pulgadas 217 Cm 86UN8000 LED 4K-UHD Plano Smart TV",http://www.alkosto.com/tv-lg-86-pulgadas-217-cm-86un8000-led-4k-uhd-plano-smart-tv,$ 6.999.900
"TV 82"" 207cm Samsung QLED 82Q60R UHD Smart TV",http://www.alkosto.com/tv-82-207cm-samsung-qled-82q60r-uhd-smart-tv,$ 6.999.900
"TV SAMSUNG 65"" Pulgadas 156 Cm 65Q700T QLED 8K Plano Smart TV",http://www.alkosto.com/tv-samsung-65-pulgadas-156-cm-65q700t-qled-8k-plano-smart-tv,$ 7.699.900
"COMBO TV SAMSUNG 85"" Pulgadas 216 Cm 85Q70T QLED 4K-UHD Plano Smart TV + Barra de sonido HW-T550",http://www.alkosto.com/combo-tv-samsung-85-pulgadas-216-cm-85q70t-qled-4k-uhd-plano-smart-tv-barra-de-sonido-hw-t550,$ 8.319.900
"TV LG 86"" Pulgadas 217 Cm 86NANO90DNA LED NanoCell 4K UHD Smart TV",http://www.alkosto.com/tv-lg-86-pulgadas-217-cm-86nano90dna-led-4k-uhd-plano-smart-tv,$ 9.999.900
"TV LG 65"" Pulgadas 164 Cm 65GX OLED 4K UHD Smart TV",http://www.alkosto.com/tv-lg-65-pulgadas-164-cm-65gx-oled-4k-uhd-plano-smart-tv,$ 12.999.900
"TV 75"" 194cm Samsung QLED 75Q900R 8K Smart TV",http://www.alkosto.com/tv-75-194cm-samsung-qled-75q900r-8k-smart-tv,$ 15.999.900
"TV LG 75"" Pulgadas 189 Cm 75NANO95DNA LED NanoCell 8K  Smart TV",http://www.alkosto.com/tv-lg-75-pulgadas-189-cm-75nano95dna-led-8k-plano-smart-tv,$ 17.999.900
"TV LG 77"" Pulgadas 195 Cm 77GX OLED 4K UHD Smart TV",http://www.alkosto.com/tv-lg-77-pulgadas-195-cm-77gx-oled-4k-uhd-plano-smart-tv,$ 19.999.900
